INSERT INTO CLIENTE_01 (A01_CODIGO, A01_NOME, A01_ENDERECO, A01_CPF) VALUES (10, 'João', 'Rua 1', '12345654324');
INSERT INTO CLIENTE_01 (A01_CODIGO, A01_NOME, A01_ENDERECO, A01_CPF) VALUES (20, 'Marlena', 'Rua2', '22222222222');
INSERT INTO CLIENTE_01 (A01_CODIGO, A01_NOME, A01_ENDERECO, A01_CPF) VALUES (30, 'Renan Souza', 'Rua josé marcelo', '13467834657');
INSERT INTO CLIENTE_01 (A01_CODIGO, A01_NOME, A01_ENDERECO, A01_CPF) VALUES (40, 'Jose dos Santos', 'Rua Julio Grota', '23568456783');

INSERT INTO NOTA_02 (A02_CODIGO, A02_DATA, A02_VALOR_TOTAL, A01_CODIGO) VALUES (1001, '2013-06-05', 1000, 10);
INSERT INTO NOTA_02 (A02_CODIGO, A02_DATA, A02_VALOR_TOTAL, A01_CODIGO) VALUES (1002, '2013-06-05', 500, 20);
INSERT INTO NOTA_02 (A02_CODIGO, A02_DATA, A02_VALOR_TOTAL, A01_CODIGO) VALUES (1003, '2013-06-06', 250, 10);
INSERT INTO NOTA_02 (A02_CODIGO, A02_DATA, A02_VALOR_TOTAL, A01_CODIGO) VALUES (1004, '2013-06-06', 350, 30);

INSERT INTO ESTOQUE_03 (A03_CODIGO, A03_DESCRICAO, A03_VALOR_UNITARIO) VALUES (100, 'celular', 250);
INSERT INTO ESTOQUE_03 (A03_CODIGO, A03_DESCRICAO, A03_VALOR_UNITARIO) VALUES (200, 'camiseta', 50);
INSERT INTO ESTOQUE_03 (A03_CODIGO, A03_DESCRICAO, A03_VALOR_UNITARIO) VALUES (300, 'sapato', 100);
INSERT INTO ESTOQUE_03 (A03_CODIGO, A03_DESCRICAO, A03_VALOR_UNITARIO) VALUES (400, 'terno', 200);

INSERT INTO ITEM_04 (A04_CODIGO, A04_QTD, A04_VALOR_ITEM, A02_CODIGO, A03_CODIGO) VALUES (1, 2, 250, 1001, 100);
INSERT INTO ITEM_04 (A04_CODIGO, A04_QTD, A04_VALOR_ITEM, A02_CODIGO, A03_CODIGO) VALUES (2, 4, 50, 1001, 200);
INSERT INTO ITEM_04 (A04_CODIGO, A04_QTD, A04_VALOR_ITEM, A02_CODIGO, A03_CODIGO) VALUES (3, 3, 100, 1001, 300);
INSERT INTO ITEM_04 (A04_CODIGO, A04_QTD, A04_VALOR_ITEM, A02_CODIGO, A03_CODIGO) VALUES (4, 1, 200, 1003, 400);
